group,farm,birth.day,parity,month,recent.birth,X_____,cum.dim,d1,milk.yield,d2,milk.fat,d3,milk.protein,d4,snf,d5,scc,d6,mun,d7,X305___,X305____,X305____.1,X305_______,X_____.1,X______,X_______,X_________,X____,X_____.2,X_____.3,X_____.4,X_______.1,X____.1,X______.1,X______.2
Control,A,01/12/2012,2,6,20160927,20170815,272,0,30.2,0,3.95,0,3.28,0,8.77,0,74,0,12.6,0,10211,401,321,911,10737,421,338,967,1,81,20160927,0,0,100,20170105,1
Control,A,10/04/2014,1,6,20160410,NA,442,0,26.6,0,3.62,0,3.38,0,8.93,0,75,0,12,0,8699,290,263,761,9618,332,296,864,1,81,20160410,0,0,361,20170406,3
Control,A,23/02/2015,1,6,20170421,NA,66,0,28,0,2.7,0,2.87,0,8.46,0,59,0,10.5,0,0,0,0,0,0,0,0,0,NA,81,20170421,0,0,87,20170717,1
Control,A,15/02/2012,3,6,20160602,NA,389,0,24.1,0,2.35,0,3.1,0,8.31,0,431,0,8.6,0,11194,284,328,948,11507,295,344,1002,1,82,20160602,0,0,0,20170815,5
Control,A,30/09/2011,4,6,20161002,NA,267,0,30.3,0,3.74,0,3.31,0,8.74,0,93,0,9.6,0,10525,404,353,968,10687,407,355,976,1,81,20161002,0,0,0,20170918,3
Control,A,15/05/2013,2,6,20161210,NA,198,0,34.6,0,2.81,0,2.96,0,8.46,0,374,0,15.9,0,9468,356,319,841,9356,354,322,848,1,82,20161210,0,0,190,20170618,1
Control,A,24/10/2013,1,6,20151206,20170720,568,0,13.6,0,3.63,0,3.55,0,8.52,0,154,0,11.4,0,10877,310,327,916,11581,337,362,1012,1,82,20151206,0,0,501,20170420,7
Control,A,03/08/2013,2,6,20161220,NA,188,0,32.2,0,4.58,0,3.34,0,8.68,0,35,0,14.2,0,9649,459,333,867,9615,461,340,885,1,82,20161220,0,0,121,20170420,1
Control,A,14/06/2014,1,6,20170105,NA,172,0,28,0,3.58,0,3.39,0,9.06,0,81,0,11.2,0,8179,328,276,742,8610,353,302,815,NA,82,20170105,0,0,152,20170606,2
Control,A,09/01/2014,2,6,20170228,NA,118,0,40.4,0,2.73,0,2.8,0,8.24,0,83,0,10.6,0,10121,327,290,864,10217,336,304,912,1,81,20170228,0,0,0,20170820,1
Control,A,14/01/2014,2,6,20161230,NA,178,0,33.6,0,3.78,0,3.19,0,8.58,0,90,0,12.7,0,10245,361,317,876,10385,370,331,915,1,81,20161230,0,0,170,20170618,3
Control,A,15/06/2014,1,6,20161126,NA,212,0,34.3,0,3.31,0,2.85,0,8.41,0,23,0,12.9,0,9765,353,299,843,10275,377,324,913,NA,81,20161126,0,0,0,20170918,2
Control,A,17/01/2015,1,6,20170120,NA,157,0,19.8,0,3.61,0,3.03,0,8.29,0,59,0,10.4,0,6397,228,202,559,7055,260,229,638,NA,81,20170120,0,0,96,20170426,2
Control,A,26/05/2015,1,6,20170430,NA,57,0,28.5,0,3.47,0,2.48,0,8,0,82,0,18.2,0,0,0,0,0,0,0,0,0,NA,81,20170430,0,0,76,20170715,1
Control,A,15/05/2009,5,6,20161003,NA,266,0,30.8,0,4.7,0,3.74,0,9,0,86,0,14.3,0,12225,532,432,1130,12587,539,435,1134,1,82,20161003,0,0,213,20170504,2
Control,A,10/11/2013,2,6,20170214,NA,132,0,35.5,0,2.01,0,3.02,0,8.6,0,39,0,10.8,0,10057,241,295,863,10114,247,309,908,1,82,20170214,0,0,0,20170907,3
Control,A,28/03/2010,4,6,20170310,NA,108,0,44.5,0,2.91,0,2.76,0,8.17,0,529,0,18.4,0,11370,404,360,1016,11056,398,355,999,1,81,20170310,0,0,134,20170722,1
Control,A,02/05/2012,3,6,20161210,20170913,198,0,31,0,3.38,0,3.11,0,8.56,0,49,0,10.2,0,9154,303,295,814,8866,294,288,792,1,81,20161210,0,0,55,20170203,1
Control,A,19/07/2015,1,6,20170509,NA,48,0,34.4,0,2.14,0,2.6,0,8.1,0,141,0,11.3,0,0,0,0,0,0,0,0,0,NA,81,20170509,0,0,47,20170625,1
Control,A,15/03/2009,4,6,20161107,NA,231,0,26.4,0,3.85,0,3.32,0,8.6,0,406,0,20.9,0,9794,400,313,877,9833,395,309,860,1,81,20161107,0,0,223,20170618,2
Control,A,02/04/2013,2,6,20160913,20170716,286,0,22.3,0,3.77,0,3.41,0,8.92,0,59,0,14,0,7923,285,270,722,8413,303,288,777,1,81,20160913,0,0,82,20161204,1
Control,A,27/10/2013,1,6,20160121,NA,522,0,20.9,0,4.21,0,3.43,0,8.82,0,142,0,9.9,0,8273,291,241,701,8928,323,269,787,1,81,20160121,0,0,0,20170807,8
Control,A,28/02/2012,3,6,20160911,20170818,288,0,29.6,0,4.25,0,3.31,0,8.68,0,1513,0,11.1,0,10021,407,327,886,10454,423,339,925,1,82,20160911,0,0,119,20170108,2
Control,A,01/07/2013,2,6,20170227,NA,119,0,33.5,0,3.94,0,3.19,0,8.63,0,554,0,10.9,0,9093,325,271,780,8999,327,279,807,1,81,20170227,0,0,0,NA,NA
Control,A,24/03/2010,3,6,20160226,NA,486,0,22.6,0,3.34,0,3.1,0,8.1,0,681,0,12.6,0,12849,330,388,1060,12415,322,380,1035,1,82,20160226,0,0,0,NA,NA
Control,A,10/06/2012,3,6,20161001,NA,268,0,28.2,0,3.73,0,3.19,0,8.55,0,40,0,11.6,0,9001,337,297,815,9192,342,302,834,1,82,20161001,0,0,167,20170317,2
Control,A,06/08/2011,3,6,20150710,20170827,717,0,21.1,0,3.33,0,3.31,0,8.67,0,196,0,12.1,0,10012,350,317,877,10625,375,340,951,1,81,20150710,0,0,569,20170129,1
Control,A,10/10/2012,2,6,20160417,20170716,435,0,20.1,0,5.42,0,4.01,0,9.27,0,211,0,14.5,0,9879,404,327,860,9919,417,337,897,1,81,20160417,0,0,233,20161206,2
Control,A,10/02/2013,2,6,20161115,NA,223,0,22.7,0,2.36,0,2.95,0,8.34,0,33,0,11.4,0,8324,282,274,754,8356,284,280,772,1,81,20161115,0,0,0,NA,NA
Control,A,10/05/2012,3,6,20160926,20170922,273,0,27.4,0,3.98,0,3.4,0,8.94,0,154,0,10.5,0,10090,426,349,927,10539,443,362,971,1,81,20160926,0,0,116,20170120,2
Control,A,02/02/2012,3,6,20170313,NA,105,0,41.9,0,2.09,0,3,0,8.47,0,33,0,7.4,0,9911,290,308,858,9527,285,306,855,1,82,20170313,0,0,0,NA,NA
Control,A,15/03/2009,5,6,20161214,NA,194,0,32.6,0,2.89,0,2.72,0,8.2,0,27,0,12.4,0,11530,390,345,995,11437,386,335,960,1,81,20161214,0,0,0,20170820,2
Control,A,23/09/2010,4,6,20161115,NA,223,0,30.1,0,3.01,0,3.09,0,8.18,0,286,0,13.6,0,9840,369,318,879,9716,360,311,854,1,81,20161115,0,0,0,20170820,4
Control,A,23/10/2006,8,6,20160818,NA,312,0,33.8,0,2.62,0,3.1,0,8.33,0,602,0,12.1,0,9884,302,318,841,11111,332,340,909,1,82,20160818,0,0,304,20170618,3
Control,A,06/01/2012,3,6,20170113,NA,164,0,36.1,0,4.74,0,3.1,0,8.49,0,46,0,17,0,8898,364,282,782,8618,353,278,772,1,82,20170113,0,0,0,20170907,5
Control,A,04/04/2012,3,6,20170110,NA,167,0,33.7,0,2.36,0,2.92,0,8.35,0,30,0,14,0,10461,310,320,907,10159,302,317,902,1,82,20170110,0,0,0,20170905,4
Control,A,29/07/2014,1,6,20160610,NA,381,0,26.7,0,3.87,0,3.25,0,9.07,0,86,0,12.2,0,8471,316,261,764,9568,364,297,881,1,82,20160610,0,0,293,20170330,3
Control,A,24/04/2014,1,6,20170617,NA,9,0,28.4,0,5.15,0,3.08,0,8.63,0,169,0,6.6,0,0,0,0,0,0,0,0,0,NA,82,20170617,0,0,0,20170918,1
Control,B,23/04/2011,4,6,20170212,NA,116,0,37.4,0,3.84,0,3.06,0,8.64,0,3211,0,8.3,0,9054,360,276,795,8743,351,270,777,1,81,20170212,0,0,0,NA,NA
Control,B,03/05/2012,3,6,20170429,NA,40,0,40,0,3.71,0,2.92,0,8.61,0,134,0,8.5,0,0,0,0,0,0,0,0,0,1,81,20170429,0,0,0,NA,NA
Control,B,04/10/2012,2,6,20160204,NA,490,0,26,0,3.2,0,3.06,0,8.54,0,811,0,10.4,0,12836,379,381,1093,12863,386,397,1146,NA,88,20160204,0,0,0,20170807,4
Control,B,08/03/2011,3,6,20161205,NA,185,0,33.4,0,3.47,0,3.53,0,8.88,0,161,0,9.6,0,10853,478,365,971,10481,462,350,925,1,81,20161205,0,0,0,20170915,4
Control,B,19/03/2014,1,6,20170401,NA,68,0,31.4,0,2.98,0,2.78,0,8.35,0,80,0,14.2,0,0,0,0,0,0,0,0,0,NA,81,20170401,0,0,52,20170523,1
Control,B,13/04/2006,5,6,20160811,20170615,301,0,24.2,0,4.66,0,3.82,0,9.25,0,1366,0,13.8,0,9219,367,303,807,10363,404,324,873,1,82,20160811,0,0,123,20161212,2
Control,B,09/01/2008,7,6,20170124,NA,135,0,26,0,3.92,0,3.27,0,8.77,0,703,0,15.4,0,7956,305,267,718,8018,308,273,734,1,82,20170124,0,0,0,20170830,3
Control,B,01/01/2012,3,6,20170531,NA,8,0,35.2,0,4.01,0,2.97,0,8.21,0,3347,0,14.2,0,0,0,0,0,0,0,0,0,NA,82,20170531,0,0,0,NA,NA
Control,B,26/02/2014,1,6,20161012,NA,239,0,30.2,0,4.25,0,3.46,0,9.1,0,35,0,16.9,0,8224,364,265,740,8766,389,287,807,NA,82,20161012,0,0,235,20170604,3
Control,B,02/03/2011,2,6,20160221,NA,473,0,24,0,4.49,0,4.15,0,9.71,0,112,0,11.5,0,9812,423,324,860,9476,413,322,854,1,81,20160221,0,0,0,20170923,6
Control,B,21/06/2013,2,6,20160619,20170613,354,0,5.7,0,5.51,0,4.56,0,9.45,0,1847,0,15.1,0,11682,384,341,990,12310,412,371,1090,1,81,20160619,0,0,127,20161024,3
Control,B,09/02/2013,3,6,20170104,NA,155,0,31,0,3.9,0,3.15,0,8.4,0,767,0,10.9,0,8609,345,286,745,8506,344,292,764,1,82,20170104,2600,10,0,20170919,2
Control,B,08/10/2009,5,6,20170201,NA,127,0,46.6,0,2.89,0,3.13,0,8.84,0,87,0,8.8,0,12563,371,367,1097,12332,367,359,1067,1,82,20170201,0,0,192,20170812,2
Control,B,03/09/2012,1,6,20150322,20170611,809,0,6.2,0,3.5,0,3.89,0,8.88,0,326,0,6.9,0,9166,338,287,803,9630,365,311,879,NA,82,20150322,0,0,591,20161102,4
Control,B,05/08/2013,1,6,20160202,NA,492,0,33.4,0,3.89,0,3.45,0,9.05,0,62,0,11.5,0,10457,395,333,923,10969,424,359,1003,1,88,20160202,0,0,485,20170601,4
Control,B,04/07/2012,3,6,20160629,20170712,344,0,20.6,0,3.75,0,3.88,0,9.31,0,329,0,11.2,0,9918,333,316,885,10216,347,334,942,1,82,20160629,2600,10,158,20161204,2
Control,B,11/04/2011,4,6,20160904,NA,277,0,18.8,0,5.69,0,3.83,0,8.86,0,699,0,13.6,0,8455,419,300,764,8834,434,308,790,1,82,20160904,0,0,0,20170820,7
Control,B,27/01/2012,2,6,20160622,20170820,351,0,22.4,0,4.01,0,3.33,0,8.65,0,320,0,13,0,10328,364,312,893,10611,378,326,940,1,81,20160622,0,0,213,20170121,2
Control,B,23/01/2013,2,6,20160111,20170613,514,0,8.2,0,3.66,0,3.5,0,8.78,0,479,0,9.6,0,9482,309,309,843,9729,322,330,904,1,82,20160111,0,0,338,20161214,3
Control,B,26/09/2013,1,6,20160701,20170810,342,0,26.4,0,5.04,0,3.87,0,9.37,0,165,0,11.8,0,8128,370,286,738,8895,410,318,833,1,82,20160701,0,0,166,20161214,2
Control,B,12/07/2014,1,6,20160619,NA,354,0,29.6,0,3.81,0,3.19,0,8.77,0,127,0,11.8,0,9029,330,276,796,10128,378,313,914,1,81,20160619,2600,10,192,20161228,2
Control,B,22/03/2015,1,6,20170301,NA,99,0,28.8,0,2.42,0,3.18,0,9,0,31,0,9.5,0,6513,220,216,592,7161,249,244,675,NA,81,20170301,0,0,152,20170731,2
Control,B,07/12/2011,3,6,20160702,NA,341,0,20.2,0,4.12,0,3.5,0,8.83,0,107,0,17.3,0,8373,348,263,728,8805,368,278,778,1,82,20160702,0,0,397,20170803,3
Control,B,26/03/2014,1,6,20161104,NA,216,0,27.6,0,3.78,0,3.17,0,8.7,0,125,0,10.6,0,7243,290,221,626,7561,307,237,673,NA,82,20161104,0,0,275,20170806,3
Treatment,A,10/10/2012,3,9,20170905,NA,18,0,40.6,0,2.83,0,3.24,0,8.87,0,29,0,11.4,0,0,0,0,0,0,0,0,0,1,81,20170905,0,0,0,NA,NA
Treatment,A,10/04/2014,1,9,20160410,NA,531,0,21.4,0,2.89,0,3.88,0,9.78,0,91,0,12.1,0,8699,290,263,761,9618,332,296,864,1,81,20160410,0,0,361,20170406,3
Treatment,A,23/02/2015,1,9,20170421,NA,155,0,23.8,0,2.06,0,3.55,0,9.41,0,133,0,9.8,0,7362,209,238,651,8011,235,265,730,NA,81,20170421,0,0,87,20170717,1
Treatment,A,30/09/2011,4,9,20161002,NA,356,0,22.5,0,1.62,0,3.6,0,8.87,0,139,0,10.7,0,10521,400,352,949,10683,403,354,957,1,81,20161002,0,0,0,20170918,3
Treatment,A,17/07/2015,1,9,20170805,NA,49,0,26.9,0,2.52,0,2.85,0,8.54,0,108,0,12.1,0,0,0,0,0,0,0,0,0,NA,81,20170805,0,0,0,NA,NA
Treatment,A,15/05/2013,2,9,20161210,NA,287,0,24.8,0,2.12,0,3.4,0,8.82,0,431,0,14.6,0,10133,350,332,898,10013,348,335,906,1,82,20161210,0,0,190,20170618,1
Treatment,A,03/08/2013,2,9,20161220,NA,277,0,25.2,0,3.11,0,3.75,0,9.44,0,213,0,9.3,0,9990,461,344,905,9955,463,351,924,1,82,20161220,0,0,121,20170420,1
Treatment,A,11/02/2014,2,9,20170823,NA,31,0,27.6,0,2.38,0,3.11,0,8.71,0,39,0,9.7,0,0,0,0,0,0,0,0,0,1,83,20170823,0,0,0,NA,NA
Treatment,A,09/01/2014,2,9,20170228,NA,207,0,35.8,0,2.32,0,3.11,0,8.59,0,132,0,8.5,0,10153,330,293,879,10249,339,307,928,1,81,20170228,0,0,0,20170820,1
Treatment,A,14/01/2014,2,9,20161230,NA,267,0,33.4,0,2.9,0,3.57,0,9.09,0,218,0,11.2,0,10825,380,340,943,10973,390,355,985,1,81,20161230,0,0,170,20170618,3
Treatment,A,15/06/2014,1,9,20161126,NA,301,0,33.2,0,2.91,0,3.06,0,8.76,0,33,0,13.4,0,10105,358,304,868,10632,382,329,940,NA,81,20161126,0,0,0,20170918,2
Treatment,A,17/01/2015,1,9,20170120,NA,246,0,18.9,0,2.51,0,3.32,0,8.96,0,153,0,6.9,0,6568,228,204,566,7244,260,232,646,NA,81,20170120,0,0,96,20170426,2
Treatment,A,26/05/2015,1,9,20170430,NA,146,0,24,0,3.49,0,2.98,0,8.33,0,269,0,14.1,0,7859,295,226,645,8763,340,256,737,NA,81,20170430,0,0,76,20170715,1
Treatment,A,03/07/2015,1,9,20170715,NA,70,0,27.4,0,3.07,0,2.7,0,8.79,0,67,0,11.7,0,0,0,0,0,0,0,0,0,NA,81,20170715,0,0,0,20170807,1
Treatment,A,23/08/2015,1,9,20170729,NA,56,0,31.6,0,1.62,0,2.83,0,8.25,0,30,0,7.6,0,0,0,0,0,0,0,0,0,NA,81,20170729,0,0,0,20170914,1
Treatment,A,15/05/2009,5,9,20161003,NA,355,0,27,0,4.85,0,4.38,0,9.66,0,112,0,12,0,12044,531,428,1096,12401,538,431,1100,1,82,20161003,0,0,213,20170504,2
Treatment,A,25/07/2013,2,9,20170212,NA,223,0,32.5,0,2.46,0,3.02,0,8.72,0,88,0,9.2,0,8342,299,242,719,8279,301,250,746,1,82,20170212,0,0,0,20170728,2
Treatment,A,10/11/2013,2,9,20170214,NA,221,0,24.1,0,2.3,0,3.64,0,9.2,0,94,0,14.9,0,9837,231,301,867,9893,236,315,912,1,82,20170214,0,0,0,20170907,3
Treatment,A,28/03/2010,4,9,20170310,NA,197,0,35.6,0,2.15,0,3.4,0,8.89,0,490,0,13.6,0,11125,363,350,973,10818,358,346,957,1,81,20170310,0,0,134,20170722,1
Treatment,A,19/07/2015,1,9,20170509,NA,137,0,32.8,0,1.48,0,3.06,0,8.62,0,130,0,10.6,0,8664,182,251,721,9825,213,290,845,NA,81,20170509,0,0,47,20170625,1
Treatment,A,15/03/2009,4,9,20161107,NA,320,0,25.4,0,2.83,0,3.88,0,9.13,0,156,0,20.4,0,9621,391,314,845,9659,386,310,828,1,81,20161107,0,0,223,20170618,2
Treatment,A,10/10/2015,1,9,20170723,NA,62,0,22.8,0,2.8,0,3.22,0,9,0,13,0,7.2,0,0,0,0,0,0,0,0,0,NA,81,20170723,0,0,0,20170918,1
Treatment,A,02/04/2013,3,9,20170907,NA,16,0,39,0,3.12,0,3.17,0,8.82,0,19,0,8.2,0,0,0,0,0,0,0,0,0,1,81,20170907,0,0,0,NA,NA
Treatment,A,01/07/2013,2,9,20170227,NA,208,0,32.4,0,3.95,0,3.35,0,8.76,0,429,0,11,0,9445,355,292,832,9348,357,301,861,1,81,20170227,0,0,0,NA,NA
Treatment,A,12/06/2015,1,9,20170717,NA,68,0,30.1,0,4.03,0,3.09,0,8.71,0,68,0,15.7,0,0,0,0,0,0,0,0,0,NA,81,20170717,0,0,0,NA,NA
Treatment,A,21/10/2012,1,9,20170818,NA,36,0,29.4,0,2.47,0,2.95,0,8.75,0,154,0,8.7,0,0,0,0,0,0,0,0,0,NA,81,20170818,0,0,0,NA,NA
Treatment,A,24/03/2010,3,9,20160226,NA,575,0,19.8,0,2.78,0,3.43,0,8.67,0,667,0,12.2,0,12849,330,388,1060,12415,322,380,1035,1,82,20160226,0,0,0,NA,NA
Treatment,A,10/02/2013,2,9,20161115,NA,312,0,16.7,0,2.45,0,3.63,0,9.42,0,64,0,9.9,0,8377,267,269,735,8409,269,275,753,1,81,20161115,0,0,0,NA,NA
Treatment,A,19/06/2014,2,9,20170820,NA,34,0,38.4,0,2.01,0,2.59,0,8.12,0,20,0,9.9,0,0,0,0,0,0,0,0,0,1,81,20170820,0,0,0,NA,NA
Treatment,A,26/01/2015,1,9,20170717,NA,68,0,27,0,2.71,0,3.09,0,8.85,0,49,0,12.3,0,0,0,0,0,0,0,0,0,NA,81,20170717,0,0,0,20170918,1
Treatment,A,02/02/2012,3,9,20170313,NA,194,0,34.8,0,2.02,0,3.66,0,9.15,0,56,0,7.8,0,9977,268,315,859,9591,263,313,856,1,82,20170313,0,0,0,NA,NA
Treatment,A,15/03/2009,5,9,20161214,NA,283,0,35.7,0,2.35,0,3.3,0,8.73,0,58,0,13,0,11810,393,351,1019,11714,389,341,983,1,81,20161214,0,0,0,20170820,2
Treatment,A,11/08/2011,4,9,20170905,NA,18,0,39.8,0,2.13,0,3.13,0,8.88,0,147,0,6.3,0,0,0,0,0,0,0,0,0,1,81,20170905,0,0,0,NA,NA
Treatment,A,23/09/2010,4,9,20161115,NA,312,0,31.7,0,2.91,0,3.27,0,8.54,0,284,0,13,0,10177,375,328,882,10049,366,320,857,1,81,20161115,0,0,0,20170820,4
Treatment,A,15/06/2012,3,9,20170820,NA,34,0,44.7,0,2.39,0,2.77,0,8.58,0,19,0,9.5,0,0,0,0,0,0,0,0,0,1,81,20170820,0,0,0,NA,NA
Treatment,A,15/11/2015,1,9,20170819,NA,35,0,33.1,0,2.51,0,2.97,0,8.72,0,114,0,9.2,0,0,0,0,0,0,0,0,0,NA,81,20170819,0,0,0,NA,NA
Treatment,A,23/10/2006,8,9,20160818,NA,401,0,24.7,0,2.19,0,3.58,0,8.83,0,644,0,9.5,0,9884,302,318,841,11111,332,340,909,1,82,20160818,0,0,304,20170618,3
Treatment,A,06/01/2012,3,9,20170113,NA,253,0,28.8,0,2.6,0,3.66,0,9.3,0,75,0,10.2,0,9184,374,300,815,8895,363,295,805,1,82,20170113,0,0,0,20170907,5
Treatment,A,04/04/2012,3,9,20170110,NA,256,0,25.1,0,1.95,0,3.6,0,9.04,0,113,0,12.3,0,10348,297,324,907,10049,289,321,902,1,82,20170110,0,0,0,20170905,4
Treatment,A,29/07/2014,1,9,20160610,NA,470,0,22.2,0,2.79,0,3.67,0,9.68,0,81,0,10.5,0,8471,316,261,764,9568,364,297,881,1,82,20160610,0,0,293,20170330,3
Treatment,A,24/04/2014,1,9,20170617,NA,98,0,33.1,0,1.91,0,3.11,0,8.72,0,86,0,9.1,0,9394,309,279,810,9842,329,302,886,NA,82,20170617,0,0,0,20170918,1
Treatment,A,10/04/2014,1,8,20160410,NA,504,0,25.3,0,3.79,0,3.52,0,9.21,0,84,0,13.5,0,8699,290,263,761,9618,332,296,864,1,81,20160410,0,0,361,20170406,3
Treatment,A,23/02/2015,1,8,20170421,NA,128,0,27.5,0,2.11,0,3.21,0,8.91,0,36,0,11.3,0,7233,204,231,635,7871,230,257,712,NA,81,20170421,0,0,87,20170717,1
Treatment,A,15/02/2012,3,8,20160602,NA,451,0,25.4,0,2.53,0,3.27,0,8.34,0,414,0,10.4,0,11194,284,328,948,11507,295,344,1002,1,82,20160602,0,0,0,20170815,5
Treatment,A,30/09/2011,4,8,20161002,NA,329,0,23.4,0,3.85,0,3.54,0,8.68,0,189,0,12.1,0,10521,400,352,949,10683,403,354,957,1,81,20161002,0,0,0,20170918,3
Treatment,A,17/07/2015,1,8,20170805,NA,22,0,29.3,0,2.82,0,2.72,0,8.49,0,145,0,14.4,0,0,0,0,0,0,0,0,0,NA,81,20170805,0,0,0,NA,NA
Treatment,A,15/05/2013,2,8,20161210,NA,260,0,32,0,2.38,0,3.07,0,8.48,0,274,0,13.7,0,9936,354,327,885,9819,352,330,893,1,82,20161210,0,0,190,20170618,1
Treatment,A,03/08/2013,2,8,20161220,NA,250,0,27.5,0,4.65,0,3.59,0,8.94,0,93,0,12.1,0,9869,462,340,895,9834,464,347,914,1,82,20161220,0,0,121,20170420,1
Treatment,A,14/06/2014,1,8,20170105,NA,234,0,27.3,0,3.34,0,3.48,0,9.14,0,130,0,11.2,0,8216,323,276,746,8649,348,302,820,NA,82,20170105,0,0,152,20170606,2
Treatment,A,09/01/2014,2,8,20170228,NA,180,0,32.2,0,2.73,0,3.08,0,8.45,0,152,0,11.1,0,9873,330,282,837,9967,339,296,883,1,81,20170228,0,0,0,20170820,1
Treatment,A,14/01/2014,2,8,20161230,NA,240,0,29.4,0,3.7,0,3.29,0,8.67,0,2588,0,8.7,0,10591,375,331,923,10736,385,346,964,1,81,20161230,0,0,170,20170618,3
Treatment,A,15/06/2014,1,8,20161126,NA,274,0,30.9,0,3.26,0,2.99,0,8.54,0,54,0,13.1,0,9905,355,299,851,10422,379,324,922,NA,81,20161126,0,0,0,20170918,2
Treatment,A,17/01/2015,1,8,20170120,NA,219,0,22.6,0,3.01,0,3.01,0,8.39,0,85,0,8.4,0,6462,228,200,557,7127,260,227,636,NA,81,20170120,0,0,96,20170426,2
Treatment,A,26/05/2015,1,8,20170430,NA,119,0,29.5,0,3.69,0,3.01,0,8.4,0,201,0,13.9,0,7675,288,216,627,8558,332,245,716,NA,81,20170430,0,0,76,20170715,1
Treatment,A,03/07/2015,1,8,20170715,NA,43,0,28.8,0,3.46,0,2.78,0,8.55,0,195,0,12.6,0,0,0,0,0,0,0,0,0,NA,81,20170715,0,0,0,20170807,1
Treatment,A,23/08/2015,1,8,20170729,NA,29,0,26.1,0,2.37,0,2.83,0,8.19,0,15,0,9.9,0,0,0,0,0,0,0,0,0,NA,81,20170729,0,0,0,20170914,1
Treatment,A,15/05/2009,5,8,20161003,NA,328,0,23.6,0,5.49,0,4.29,0,9.41,0,120,0,13.5,0,12044,531,428,1096,12401,538,431,1100,1,82,20161003,0,0,213,20170504,2
Treatment,A,25/07/2013,2,8,20170212,NA,196,0,35.4,0,2.75,0,3.06,0,8.55,0,96,0,12.4,0,8050,301,231,681,7990,303,239,707,1,82,20170212,0,0,0,20170728,2
Treatment,A,10/11/2013,2,8,20170214,NA,194,0,29,0,1.66,0,3.39,0,8.86,0,49,0,9.6,0,9819,234,296,847,9875,239,310,891,1,82,20170214,0,0,0,20170907,3
Treatment,A,28/03/2010,4,8,20170310,NA,170,0,31.4,0,2.96,0,3.31,0,8.64,0,352,0,12.7,0,11019,369,345,965,10715,363,341,949,1,81,20170310,0,0,134,20170722,1
Treatment,A,02/05/2012,3,8,20161210,20170913,260,0,24.6,0,3.49,0,3.18,0,8.48,0,60,0,12.1,0,9357,316,298,835,9062,307,291,812,1,81,20161210,0,0,55,20170203,1
Treatment,A,19/07/2015,1,8,20170509,NA,110,0,32.8,0,1.69,0,2.92,0,8.36,0,201,0,11.2,0,8373,185,236,690,9495,216,273,809,NA,81,20170509,0,0,47,20170625,1
Treatment,A,15/03/2009,4,8,20161107,NA,293,0,24.6,0,3.68,0,3.68,0,8.76,0,102,0,20.2,0,9557,389,310,840,9595,384,306,823,1,81,20161107,0,0,223,20170618,2
Treatment,A,27/10/2013,1,8,20160121,NA,584,0,15.9,0,4.33,0,3.93,0,9.22,0,129,0,12,0,8273,291,241,701,8928,323,269,787,1,81,20160121,0,0,0,20170807,8
Treatment,A,10/10/2015,1,8,20170723,NA,35,0,24,0,3.05,0,2.95,0,8.7,0,7,0,9.5,0,0,0,0,0,0,0,0,0,NA,81,20170723,0,0,0,20170918,1
Treatment,A,01/07/2013,2,8,20170227,NA,181,0,32.8,0,3.97,0,3.3,0,8.74,0,754,0,11.3,0,9371,348,287,806,9274,350,296,834,1,81,20170227,0,0,0,NA,NA
Treatment,A,12/06/2015,1,8,20170717,NA,41,0,31.2,0,3.96,0,2.79,0,8.42,0,125,0,14.1,0,0,0,0,0,0,0,0,0,NA,81,20170717,0,0,0,NA,NA
Treatment,A,21/10/2012,1,8,20170818,NA,9,0,29.2,0,3.07,0,2.91,0,8.67,0,250,0,11.7,0,0,0,0,0,0,0,0,0,NA,81,20170818,0,0,0,NA,NA
Treatment,A,24/03/2010,3,8,20160226,NA,548,0,20.9,0,3.67,0,3.33,0,8.47,0,649,0,13.9,0,12849,330,388,1060,12415,322,380,1035,1,82,20160226,0,0,0,NA,NA
Treatment,A,10/02/2013,2,8,20161115,NA,285,0,22.2,0,2.34,0,3.01,0,8.4,0,42,0,12.3,0,8352,270,269,743,8384,272,275,761,1,81,20161115,0,0,0,NA,NA
Treatment,A,10/05/2012,3,8,20160926,20170922,335,0,25.4,0,4.56,0,3.67,0,9.18,0,208,0,12.1,0,10193,431,352,924,10647,449,366,968,1,81,20160926,0,0,116,20170120,2
Treatment,A,19/06/2014,2,8,20170820,NA,7,0,27.6,0,2.95,0,3.36,0,8.87,0,60,0,11.1,0,0,0,0,0,0,0,0,0,1,81,20170820,0,0,0,NA,NA
Treatment,A,26/01/2015,1,8,20170717,NA,41,0,26.2,0,3.6,0,2.78,0,8.63,0,95,0,14.7,0,0,0,0,0,0,0,0,0,NA,81,20170717,0,0,0,20170918,1
Treatment,A,02/02/2012,3,8,20170313,NA,167,0,30.7,0,2.28,0,3.31,0,8.52,0,42,0,9.5,0,10002,276,312,858,9615,271,310,855,1,82,20170313,0,0,0,NA,NA
Treatment,A,15/03/2009,5,8,20161214,NA,256,0,34.3,0,3.3,0,3.12,0,8.35,0,30,0,12.1,0,11684,395,347,1011,11589,391,337,975,1,81,20161214,0,0,0,20170820,2
Treatment,A,23/09/2010,4,8,20161115,NA,285,0,32.2,0,3.49,0,3.31,0,8.39,0,275,0,14.3,0,10037,371,323,882,9911,362,316,857,1,81,20161115,0,0,0,20170820,4
Treatment,A,15/06/2012,3,8,20170820,NA,7,0,37.3,0,2.58,0,2.94,0,8.53,0,23,0,9.1,0,0,0,0,0,0,0,0,0,1,81,20170820,0,0,0,NA,NA
Treatment,A,23/10/2006,8,8,20160818,NA,374,0,21.7,0,2.32,0,3.33,0,8.36,0,439,0,10.4,0,9884,302,318,841,11111,332,340,909,1,82,20160818,0,0,304,20170618,3
Treatment,A,06/01/2012,3,8,20170113,NA,226,0,23.9,0,3.99,0,3.41,0,8.74,0,35,0,13,0,9181,382,298,815,8892,371,293,805,1,82,20170113,0,0,0,20170907,5
Treatment,A,27/07/2011,5,8,20170812,NA,15,0,16.6,0,3.7,0,2.52,0,7.85,0,50,0,10.6,0,0,0,0,0,0,0,0,0,1,82,20170812,0,0,0,NA,NA
Treatment,A,04/04/2012,3,8,20170110,NA,229,0,26.9,0,2.63,0,3.23,0,8.68,0,65,0,13.7,0,10294,301,320,889,9997,293,317,884,1,82,20170110,0,0,0,20170905,4
Treatment,A,29/07/2014,1,8,20160610,NA,443,0,24.8,0,3.71,0,3.28,0,9.2,0,61,0,10.8,0,8471,316,261,764,9568,364,297,881,1,82,20160610,0,0,293,20170330,3
Treatment,A,24/04/2014,1,8,20170617,NA,71,0,36.6,0,2.75,0,2.75,0,8.41,0,153,0,11.6,0,0,0,0,0,0,0,0,0,NA,82,20170617,0,0,0,20170918,1
Control,A,01/12/2012,2,7,20160927,20170815,302,0,28.3,0,4.28,0,3.22,0,8.57,0,86,0,13.8,0,10373,409,327,910,10907,430,344,966,1,81,20160927,0,0,100,20170105,1
Control,A,10/04/2014,1,7,20160410,NA,472,0,25,0,3.73,0,3.43,0,8.92,0,146,0,13.1,0,8699,290,263,761,9618,332,296,864,1,81,20160410,0,0,361,20170406,3
Control,A,23/02/2015,1,7,20170421,NA,96,0,28.4,0,2.25,0,3.03,0,8.59,0,73,0,12.4,0,7232,229,229,632,7870,258,255,709,NA,81,20170421,0,0,87,20170717,1
Control,A,15/02/2012,3,7,20160602,NA,419,0,21.4,0,3.09,0,3.11,0,8.16,0,384,0,11.5,0,11194,284,328,948,11507,295,344,1002,1,82,20160602,0,0,0,20170815,5
Control,A,30/09/2011,4,7,20161002,NA,297,0,23.8,0,3.49,0,3.3,0,8.52,0,175,0,12,0,10585,404,355,955,10748,407,357,963,1,81,20161002,0,0,0,20170918,3
Control,A,15/05/2013,2,7,20161210,NA,228,0,28.9,0,2.78,0,3.04,0,8.36,0,3154,0,14.4,0,9668,357,321,854,9554,355,324,862,1,82,20161210,0,0,190,20170618,1
Control,A,03/08/2013,2,7,20161220,NA,218,0,27.5,0,4.05,0,3.41,0,8.69,0,37,0,12.7,0,9734,459,335,886,9700,461,342,905,1,82,20161220,0,0,121,20170420,1
Control,A,14/06/2014,1,7,20170105,NA,202,0,26.3,0,3.72,0,3.35,0,8.97,0,198,0,11.7,0,8209,327,276,744,8642,352,302,817,NA,82,20170105,0,0,152,20170606,2
Control,A,09/01/2014,2,7,20170228,NA,148,0,24.1,0,4.64,0,2.61,0,8.05,0,184,0,9.5,0,9962,328,284,845,10057,337,298,892,1,81,20170228,0,0,0,20170820,1
Control,A,14/01/2014,2,7,20161230,NA,208,0,33.6,0,3.28,0,3.23,0,8.53,0,95,0,8.9,0,10386,368,323,908,10528,378,337,948,1,81,20161230,0,0,170,20170618,3
Control,A,15/06/2014,1,7,20161126,NA,242,0,31.3,0,3.52,0,2.88,0,8.4,0,24,0,12.7,0,9871,356,300,850,10386,380,325,921,NA,81,20161126,0,0,0,20170918,2
Control,A,17/01/2015,1,7,20170120,NA,187,0,22.5,0,3.26,0,2.92,0,8.15,0,86,0,8.2,0,6408,229,201,556,7067,261,228,635,NA,81,20170120,0,0,96,20170426,2
Control,A,26/05/2015,1,7,20170430,NA,87,0,29.2,0,3.66,0,2.6,0,7.94,0,138,0,15.8,0,7819,285,217,633,8718,329,246,723,NA,81,20170430,0,0,76,20170715,1
Control,A,03/07/2015,1,7,20170715,NA,11,0,24,0,3.93,0,2.99,0,8.71,0,103,0,9.2,0,0,0,0,0,0,0,0,0,NA,81,20170715,0,0,0,20170807,1
Control,A,15/05/2009,5,7,20161003,NA,296,0,21.6,0,5.41,0,4.03,0,9.05,0,124,0,14.3,0,12138,534,430,1105,12497,541,433,1109,1,82,20161003,0,0,213,20170504,2
Control,A,25/07/2013,2,7,20170212,NA,164,0,33.1,0,2.83,0,2.99,0,8.37,0,137,0,10.5,0,7501,294,206,633,7445,296,213,657,1,82,20170212,0,0,0,20170728,2
Control,A,10/11/2013,2,7,20170214,NA,162,0,31.1,0,2.64,0,3.11,0,8.59,0,47,0,12.3,0,9992,240,297,859,10049,246,311,903,1,82,20170214,0,0,0,20170907,3
Control,A,28/03/2010,4,7,20170310,NA,138,0,30.4,0,2.51,0,2.9,0,8.15,0,1678,0,14.8,0,11192,385,350,987,10883,379,346,971,1,81,20170310,0,0,134,20170722,1
Control,A,02/05/2012,3,7,20161210,20170913,228,0,25.2,0,3.6,0,3.02,0,8.28,0,88,0,10.9,0,9251,312,297,819,8960,303,290,797,1,81,20161210,0,0,55,20170203,1
Control,A,19/07/2015,1,7,20170509,NA,78,0,28.8,0,1.78,0,2.69,0,7.9,0,105,0,14.2,0,7968,187,219,656,9036,218,253,769,NA,81,20170509,0,0,47,20170625,1
Control,A,15/03/2009,4,7,20161107,NA,261,0,18.7,0,4.16,0,3.75,0,8.79,0,121,0,20.8,0,9685,395,311,863,9724,390,307,846,1,81,20161107,0,0,223,20170618,2
Control,A,27/10/2013,1,7,20160121,NA,552,0,18.3,0,3.92,0,3.37,0,8.66,0,107,0,9.8,0,8273,291,241,701,8928,323,269,787,1,81,20160121,0,0,0,20170807,8
Control,A,10/10/2015,1,7,20170723,NA,3,0,13.4,0,3.9,0,3.94,0,9.16,0,651,0,11.5,0,0,0,0,0,0,0,0,0,NA,81,20170723,0,0,0,20170918,1
Control,A,28/02/2012,3,7,20160911,20170818,318,0,23.9,0,3.93,0,3.25,0,8.45,0,5136,0,9.8,0,10143,412,331,886,10581,428,343,925,1,82,20160911,0,0,119,20170108,2
Control,A,01/07/2013,2,7,20170227,NA,149,0,32,0,3.83,0,3.13,0,8.51,0,605,0,11.1,0,9144,335,277,785,9050,337,285,812,1,81,20170227,0,0,0,NA,NA
Control,A,12/06/2015,1,7,20170717,NA,9,0,17.9,0,4.43,0,3.72,0,8.87,0,2679,0,15.8,0,0,0,0,0,0,0,0,0,NA,81,20170717,0,0,0,NA,NA
Control,A,24/03/2010,3,7,20160226,NA,516,0,22.2,0,3.65,0,3.2,0,8.21,0,832,0,12.7,0,12849,330,388,1060,12415,322,380,1035,1,82,20160226,0,0,0,NA,NA
Control,A,06/08/2011,3,7,20150710,20170827,747,0,20.6,0,3.89,0,3.34,0,8.8,0,192,0,11.8,0,10012,350,317,877,10625,375,340,951,1,81,20150710,0,0,569,20170129,1
Control,A,10/02/2013,2,7,20161115,NA,253,0,19.8,0,2.55,0,2.82,0,8.03,0,70,0,16,0,8288,274,269,743,8319,276,275,761,1,81,20161115,0,0,0,NA,NA
Control,A,10/05/2012,3,7,20160926,20170922,303,0,23.8,0,4.75,0,3.45,0,8.92,0,162,0,11.8,0,10148,429,350,920,10600,446,364,964,1,81,20160926,0,0,116,20170120,2
Control,A,26/01/2015,1,7,20170717,NA,9,0,21.5,0,3.67,0,3.01,0,8.76,0,55,0,12.8,0,0,0,0,0,0,0,0,0,NA,81,20170717,0,0,0,20170918,1
Control,A,02/02/2012,3,7,20170313,NA,135,0,32.2,0,2.4,0,3,0,8.21,0,34,0,11.7,0,9975,281,309,860,9589,276,307,857,1,82,20170313,0,0,0,NA,NA
Control,A,15/03/2009,5,7,20161214,NA,224,0,31.3,0,3.58,0,2.88,0,8.09,0,36,0,13.6,0,11503,389,342,1003,11410,385,332,967,1,81,20161214,0,0,0,20170820,2
Control,A,23/09/2010,4,7,20161115,NA,253,0,23.7,0,3.48,0,3.22,0,8.13,0,437,0,15.3,0,9859,366,317,872,9735,357,310,847,1,81,20161115,0,0,0,20170820,4
Control,A,23/10/2006,8,7,20160818,NA,342,0,29.8,0,2.55,0,3.19,0,8.37,0,485,0,13.1,0,9884,302,318,841,11111,332,340,909,1,82,20160818,0,0,304,20170618,3
Control,A,06/01/2012,3,7,20170113,NA,194,0,28.6,0,4.11,0,3.19,0,8.44,0,76,0,14.4,0,9095,379,294,796,8809,368,289,786,1,82,20170113,0,0,0,20170907,5
Control,A,04/04/2012,3,7,20170110,NA,197,0,30,0,2.87,0,2.93,0,8.41,0,43,0,14.4,0,10435,306,325,902,10133,298,322,897,1,82,20170110,0,0,0,20170905,4
Control,A,29/07/2014,1,7,20160610,NA,411,0,22.8,0,4.28,0,3.31,0,9.08,0,42,0,11.8,0,8471,316,261,764,9568,364,297,881,1,82,20160610,0,0,293,20170330,3
Control,A,24/04/2014,1,7,20170617,NA,39,0,36.3,0,3.3,0,2.68,0,8.32,0,143,0,12.7,0,0,0,0,0,0,0,0,0,NA,82,20170617,0,0,0,20170918,1
Treatment,B,21/06/2013,3,9,20170727,NA,46,0,43,0,3.79,0,2.51,0,7.86,0,44,0,14.7,0,0,0,0,0,0,0,0,0,1,81,20170727,0,0,0,NA,NA
Treatment,B,03/05/2012,3,9,20170429,NA,135,0,28.6,0,3.35,0,2.76,0,8.31,0,140,0,15.8,0,8920,330,263,758,8747,328,262,759,1,81,20170429,0,0,0,NA,NA
Treatment,B,08/03/2011,3,9,20161205,NA,280,0,27.6,0,4.89,0,3.67,0,9.11,0,263,0,11.2,0,11142,499,376,1008,10760,482,361,960,1,81,20161205,0,0,0,20170915,4
Treatment,B,06/06/2014,2,9,20170720,NA,53,0,36,0,3.2,0,2.8,0,8.22,0,29,0,10.6,0,0,0,0,0,0,0,0,0,1,81,20170720,2600,10,0,NA,NA
Treatment,B,19/03/2014,1,9,20170401,NA,163,0,27.4,0,3.71,0,2.79,0,8.38,0,405,0,13.6,0,8688,273,257,734,8916,289,271,783,NA,81,20170401,0,0,52,20170523,1
Treatment,B,09/01/2008,7,9,20170124,NA,230,0,21.2,0,5.09,0,3.43,0,8.79,0,2281,0,16.1,0,7929,321,262,714,7991,324,268,730,1,82,20170124,0,0,0,20170830,3
Treatment,B,01/01/2012,3,9,20170531,NA,103,0,35.4,0,3.66,0,3.04,0,8.37,0,212,0,14.5,0,9363,325,264,761,9401,329,268,777,NA,82,20170531,0,0,0,NA,NA
Treatment,B,26/02/2014,1,9,20161012,NA,334,0,27.6,0,4.64,0,3.46,0,9.07,0,16,0,13.5,0,8665,380,281,779,9236,406,304,849,NA,82,20161012,0,0,235,20170604,3
Treatment,B,06/02/2013,2,9,20170703,NA,70,0,38.8,0,3.5,0,2.86,0,8.67,0,56,0,10.8,0,0,0,0,0,0,0,0,0,NA,82,20170703,0,0,0,20170830,1
Treatment,B,02/03/2011,2,9,20160221,NA,568,0,20.2,0,4.92,0,4.12,0,9.61,0,89,0,10.1,0,9812,423,324,860,9476,413,322,854,1,81,20160221,0,0,0,20170923,6
Treatment,B,09/02/2013,3,9,20170104,NA,250,0,26,0,3.94,0,3.17,0,8.4,0,659,0,11.4,0,8910,360,290,769,8803,359,296,788,1,82,20170104,2600,10,0,20170919,2
Treatment,B,13/04/2015,1,9,20170617,NA,86,0,30.6,0,3.2,0,2.96,0,8.53,0,57,0,14.2,0,8562,246,267,743,9425,276,300,845,1,82,20170617,0,0,0,NA,NA
Treatment,B,24/04/2013,2,9,20170627,NA,76,0,39.4,0,4.41,0,3.13,0,8.73,0,39,0,11.9,0,9966,374,311,863,10250,389,327,914,1,81,20170627,0,0,0,NA,NA
Treatment,B,03/09/2012,2,9,20170808,NA,34,0,36.6,0,3.85,0,2.58,0,8.12,0,38,0,7.1,0,0,0,0,0,0,0,0,0,1,81,20170808,0,0,0,NA,NA
Treatment,B,08/10/2009,5,9,20170201,NA,222,0,41.2,0,3.64,0,3.07,0,8.71,0,75,0,10.2,0,13043,419,387,1156,12803,415,379,1124,1,82,20170201,0,0,192,20170812,2
Treatment,B,05/08/2013,1,9,20160202,NA,587,0,29.2,0,4.11,0,3.55,0,9.19,0,68,0,10.1,0,10457,395,333,923,10969,424,359,1003,1,88,20160202,0,0,485,20170601,4
Treatment,B,19/06/2008,5,9,20170610,NA,93,0,39.4,0,3.75,0,3.12,0,8.52,0,936,0,9.5,0,9781,348,296,836,10427,363,329,940,1,82,20170610,0,0,0,20170826,1
Treatment,B,11/04/2011,4,9,20160904,NA,372,0,10.2,0,5,0,4.03,0,8.85,0,668,0,12.1,0,8350,417,298,746,8724,432,306,771,1,82,20160904,0,0,0,20170820,7
Treatment,B,12/07/2014,1,9,20160619,NA,449,0,19.8,0,4.27,0,3.33,0,8.97,0,136,0,11.4,0,9029,330,276,796,10128,378,313,914,1,81,20160619,2600,10,192,20161228,2
Treatment,B,22/03/2015,1,9,20170301,NA,194,0,30,0,3.85,0,3.15,0,8.8,0,73,0,10.5,0,7491,254,242,672,8236,288,273,766,NA,81,20170301,0,0,152,20170731,2
Treatment,B,07/12/2011,3,9,20160702,NA,436,0,15.8,0,4.44,0,3.5,0,8.55,0,318,0,15.3,0,8373,348,263,728,8805,368,278,778,1,82,20160702,0,0,397,20170803,3
Treatment,B,26/03/2014,1,9,20161104,NA,311,0,24,0,4.03,0,3.07,0,8.57,0,129,0,10.1,0,7840,313,238,675,8184,331,255,726,NA,82,20161104,0,0,275,20170806,3
Treatment,B,21/06/2013,3,8,20170727,NA,11,0,49.2,0,3.7,0,3.04,0,8.61,0,45,0,9.1,0,0,0,0,0,0,0,0,0,1,81,20170727,0,0,0,NA,NA
Treatment,B,03/05/2012,3,8,20170429,NA,100,0,42,0,2.93,0,2.66,0,8.04,0,92,0,18.7,0,8651,333,260,741,8483,331,259,742,1,81,20170429,0,0,0,NA,NA
Treatment,B,04/10/2012,2,8,20160204,NA,550,0,19.6,0,4.37,0,3.3,0,8.85,0,495,0,13.1,0,12836,379,381,1093,12863,386,397,1146,NA,88,20160204,0,0,0,20170807,4
Treatment,B,08/03/2011,3,8,20161205,NA,245,0,32,0,4.54,0,3.45,0,8.89,0,65,0,14.2,0,11004,491,372,997,10627,474,357,950,1,81,20161205,0,0,0,20170915,4
Treatment,B,06/06/2014,2,8,20170720,NA,18,0,26,0,2.82,0,2.33,0,7.62,0,49,0,7.5,0,0,0,0,0,0,0,0,0,1,81,20170720,2600,10,0,NA,NA
Treatment,B,19/03/2014,1,8,20170401,NA,128,0,36.6,0,2.84,0,2.94,0,8.43,0,42,0,16.7,0,8418,262,250,712,8639,278,264,760,NA,81,20170401,0,0,52,20170523,1
Treatment,B,09/01/2008,7,8,20170124,NA,195,0,24,0,4.3,0,3.07,0,8.43,0,1930,0,18.2,0,7917,313,262,704,7979,316,268,719,1,82,20170124,0,0,0,20170830,3
Treatment,B,01/01/2012,3,8,20170531,NA,68,0,38.4,0,3.16,0,2.58,0,7.92,0,242,0,14.8,0,0,0,0,0,0,0,0,0,NA,82,20170531,0,0,0,NA,NA
Treatment,B,26/02/2014,1,8,20161012,NA,299,0,26.4,0,4.31,0,3.48,0,8.98,0,21,0,19.1,0,8611,378,279,774,9178,404,302,844,NA,82,20161012,0,0,235,20170604,3
Treatment,B,06/02/2013,2,8,20170703,NA,35,0,37.6,0,4,0,2.7,0,8.45,0,51,0,12.3,0,0,0,0,0,0,0,0,0,NA,82,20170703,0,0,0,20170830,1
Treatment,B,02/03/2011,2,8,20160221,NA,533,0,23.4,0,4.68,0,4,0,9.49,0,103,0,10.9,0,9812,423,324,860,9476,413,322,854,1,81,20160221,0,0,0,20170923,6
Treatment,B,09/02/2013,3,8,20170104,NA,215,0,28.4,0,3.86,0,3.12,0,8.23,0,862,0,10.8,0,8729,355,286,758,8624,354,292,777,1,82,20170104,2600,10,0,20170919,2
Treatment,B,13/04/2015,1,8,20170617,NA,51,0,34,0,2.76,0,2.94,0,8.45,0,27,0,13.3,0,0,0,0,0,0,0,0,0,1,82,20170617,0,0,0,NA,NA
Treatment,B,24/04/2013,2,8,20170627,NA,41,0,41.8,0,3.23,0,2.86,0,8.38,0,30,0,13.1,0,0,0,0,0,0,0,0,0,1,81,20170627,0,0,0,NA,NA
Treatment,B,08/10/2009,5,8,20170201,NA,187,0,43.4,0,3.69,0,2.91,0,8.45,0,54,0,13.7,0,12789,400,379,1118,12554,396,371,1087,1,82,20170201,0,0,192,20170812,2
Treatment,B,13/01/2012,4,8,20170707,NA,31,0,35.4,0,5.61,0,2.68,0,8.43,0,74,0,11.7,0,0,0,0,0,0,0,0,0,1,82,20170707,2600,10,0,NA,NA
Treatment,B,05/08/2013,1,8,20160202,NA,552,0,32.2,0,4.04,0,3.29,0,8.82,0,32,0,10.6,0,10457,395,333,923,10969,424,359,1003,1,88,20160202,0,0,485,20170601,4
Treatment,B,19/06/2008,5,8,20170610,NA,58,0,41,0,3.47,0,2.91,0,8.5,0,238,0,11.6,0,0,0,0,0,0,0,0,0,1,82,20170610,0,0,0,20170826,1
Treatment,B,11/04/2011,4,8,20160904,NA,337,0,13.8,0,4.32,0,3.72,0,8.84,0,238,0,11.7,0,8350,417,298,746,8724,432,306,771,1,82,20160904,0,0,0,20170820,7
Treatment,B,27/01/2012,2,8,20160622,20170820,411,0,7,0,3.68,0,4,0,8.94,0,907,0,16,0,10328,364,312,893,10611,378,326,940,1,81,20160622,0,0,213,20170121,2
Treatment,B,26/09/2013,1,8,20160701,20170810,402,0,15.8,0,5.96,0,4.06,0,9.47,0,166,0,14.9,0,8128,370,286,738,8895,410,318,833,1,82,20160701,0,0,166,20161214,2
Treatment,B,12/07/2014,1,8,20160619,NA,414,0,22.6,0,4.1,0,3.13,0,8.73,0,86,0,13.9,0,9029,330,276,796,10128,378,313,914,1,81,20160619,2600,10,192,20161228,2
Treatment,B,22/03/2015,1,8,20170301,NA,159,0,28.2,0,3.41,0,3.12,0,8.8,0,50,0,14,0,7139,237,233,643,7849,268,263,733,NA,81,20170301,0,0,152,20170731,2
Treatment,B,07/12/2011,3,8,20160702,NA,401,0,19.6,0,4.52,0,3.42,0,8.61,0,184,0,14.8,0,8373,348,263,728,8805,368,278,778,1,82,20160702,0,0,397,20170803,3
Treatment,B,26/03/2014,1,8,20161104,NA,276,0,27,0,4.1,0,3.06,0,8.57,0,80,0,12.4,0,7687,307,234,662,8024,325,251,712,NA,82,20161104,0,0,275,20170806,3
Control,B,23/04/2011,4,7,20170212,NA,146,0,38,0,3.87,0,3.06,0,8.54,0,5697,0,12.7,0,9334,372,287,817,9014,363,281,799,1,81,20170212,0,0,0,NA,NA
Control,B,03/05/2012,3,7,20170429,NA,70,0,36.4,0,3.71,0,2.85,0,8.4,0,126,0,11.8,0,0,0,0,0,0,0,0,0,1,81,20170429,0,0,0,NA,NA
Control,B,04/10/2012,2,7,20160204,NA,520,0,24.2,0,3.13,0,3.11,0,8.54,0,524,0,10,0,12836,379,381,1093,12863,386,397,1146,NA,88,20160204,0,0,0,20170807,4
Control,B,08/03/2011,3,7,20161205,NA,215,0,31.8,0,5.27,0,3.45,0,8.86,0,243,0,14.5,0,10897,481,368,991,10523,465,353,944,1,81,20161205,0,0,0,20170915,4
Control,B,19/03/2014,1,7,20170401,NA,98,0,35,0,3.23,0,2.76,0,8.26,0,28,0,17.3,0,7969,245,236,673,8178,260,249,718,NA,81,20170401,0,0,52,20170523,1
Control,B,09/01/2008,7,7,20170124,NA,165,0,26.2,0,4.12,0,3.1,0,8.41,0,320,0,15.2,0,7901,306,264,708,7963,309,270,724,1,82,20170124,0,0,0,20170830,3
Control,B,01/01/2012,3,7,20170531,NA,38,0,44.2,0,3.31,0,2.56,0,7.89,0,335,0,13.8,0,0,0,0,0,0,0,0,0,NA,82,20170531,0,0,0,NA,NA
Control,B,26/02/2014,1,7,20161012,NA,269,0,29,0,4.33,0,3.32,0,8.86,0,22,0,19.1,0,8447,372,273,759,9004,398,296,827,NA,82,20161012,0,0,235,20170604,3
Control,B,02/03/2011,2,7,20160221,NA,503,0,23.2,0,4.26,0,4.07,0,9.53,0,105,0,11.8,0,9812,423,324,860,9476,413,322,854,1,81,20160221,0,0,0,20170923,6
Control,B,09/02/2013,3,7,20170104,NA,185,0,25.8,0,4.25,0,3.08,0,8.11,0,1691,0,12.6,0,8651,350,286,744,8547,349,292,763,1,82,20170104,2600,10,0,20170919,2
Control,B,13/04/2015,1,7,20170617,NA,21,0,29.8,0,2.79,0,2.88,0,8.44,0,49,0,13.2,0,0,0,0,0,0,0,0,0,1,82,20170617,0,0,0,NA,NA
Control,B,24/04/2013,2,7,20170627,NA,11,0,39.4,0,3.92,0,3.02,0,8.6,0,92,0,12.1,0,0,0,0,0,0,0,0,0,1,81,20170627,0,0,0,NA,NA
Control,B,08/10/2009,5,7,20170201,NA,157,0,44.4,0,3.51,0,2.99,0,8.67,0,43,0,13.2,0,12646,383,374,1107,12413,379,366,1077,1,82,20170201,0,0,192,20170812,2
Control,B,05/08/2013,1,7,20160202,NA,522,0,30.4,0,3.97,0,3.28,0,8.82,0,42,0,12.4,0,10457,395,333,923,10969,424,359,1003,1,88,20160202,0,0,485,20170601,4
Control,B,19/06/2008,5,7,20170610,NA,28,0,41.6,0,3.44,0,2.8,0,8.3,0,191,0,11.9,0,0,0,0,0,0,0,0,0,1,82,20170610,0,0,0,20170826,1
Control,B,04/07/2012,3,7,20160629,20170712,374,0,16,0,3.21,0,3.82,0,9.27,0,415,0,11.1,0,9918,333,316,885,10216,347,334,942,1,82,20160629,2600,10,158,20161204,2
Control,B,11/04/2011,4,7,20160904,NA,307,0,15,0,3.29,0,3.84,0,8.9,0,483,0,12.5,0,8350,417,298,746,8724,432,306,771,1,82,20160904,0,0,0,20170820,7
Control,B,27/01/2012,2,7,20160622,20170820,381,0,15.8,0,3.48,0,3.72,0,9.01,0,456,0,14.5,0,10328,364,312,893,10611,378,326,940,1,81,20160622,0,0,213,20170121,2
Control,B,26/09/2013,1,7,20160701,20170810,372,0,19.8,0,6.28,0,3.94,0,9.39,0,114,0,14.3,0,8128,370,286,738,8895,410,318,833,1,82,20160701,0,0,166,20161214,2
Control,B,12/07/2014,1,7,20160619,NA,384,0,25.2,0,3.87,0,3.16,0,8.69,0,107,0,9.1,0,9029,330,276,796,10128,378,313,914,1,81,20160619,2600,10,192,20161228,2
Control,B,22/03/2015,1,7,20170301,NA,129,0,28.8,0,3.26,0,2.97,0,8.69,0,47,0,12.1,0,6847,214,227,620,7528,242,256,707,NA,81,20170301,0,0,152,20170731,2
Control,B,07/12/2011,3,7,20160702,NA,371,0,15.4,0,3.76,0,3.54,0,8.51,0,242,0,16.8,0,8373,348,263,728,8805,368,278,778,1,82,20160702,0,0,397,20170803,3
Control,B,26/03/2014,1,7,20161104,NA,246,0,28.2,0,4,0,3,0,8.43,0,79,0,12.3,0,7459,298,228,644,7786,315,245,692,NA,82,20161104,0,0,275,20170806,3
Treatment,C,23/11/2011,2,9,20170203,NA,222,0,29.5,0,3.68,0,3.17,0,8.48,0,773,0,9.7,0,9193,360,311,827,8872,351,308,818,1,81,20170203,0,0,110,20170524,2
Treatment,C,10/09/2014,1,9,20160905,20171011,373,0,23.5,0,4.53,0,3.72,0,9.49,0,99,0,11,0,9259,439,297,834,10535,503,344,974,1,81,20160905,0,0,173,20170225,1
Treatment,C,06/04/2015,1,9,20170314,NA,183,0,37,0,3.36,0,3.11,0,8.72,0,104,0,7.8,0,9514,357,296,830,10461,404,334,946,NA,81,20170314,0,0,71,20170524,2
Treatment,C,06/04/2015,1,9,20170625,NA,80,0,35.5,0,3.77,0,3.12,0,8.85,0,165,0,8.6,0,8303,339,264,745,9088,378,295,844,NA,81,20170625,0,0,39,20170803,1
Treatment,C,15/08/2006,8,9,20170610,NA,95,0,34,0,3.92,0,3.16,0,8.45,0,106,0,7.7,0,8745,294,260,715,9313,306,291,809,1,82,20170610,0,0,0,20170919,2
Treatment,C,01/03/2013,2,9,20161112,NA,305,0,32,0,4.32,0,3.8,0,9.08,0,121,0,10,0,12670,571,424,1126,12743,576,434,1157,NA,82,20161112,0,0,0,20171010,7
Treatment,C,07/11/2009,5,9,20161114,20170920,303,0,26.7,0,4.25,0,3.54,0,9.29,0,226,0,10,0,11328,475,366,1018,11270,465,358,989,1,81,20161114,0,0,94,20170216,3
Treatment,C,11/04/2006,6,9,20161015,NA,333,0,25.2,0,3.31,0,3.21,0,8.54,0,460,0,10,0,9843,349,300,857,10478,360,314,903,1,81,20161015,0,0,224,20170527,6
Treatment,C,02/06/2010,5,9,20170720,NA,55,0,35,0,4.06,0,3.12,0,8.86,0,93,0,9.1,0,0,0,0,0,0,0,0,0,1,81,20170720,0,0,0,20171004,1
Treatment,C,04/10/2011,3,9,20170224,NA,201,0,48,0,3.17,0,3.05,0,8.4,0,728,0,9.6,0,13165,451,396,1109,12700,440,390,1091,1,81,20170224,0,0,0,20171001,3
Treatment,C,08/09/2013,1,9,20150713,NA,793,0,32.2,0,3.95,0,3.59,0,8.94,0,47,0,10.7,0,9942,380,316,863,11318,439,366,1017,1,81,20150713,0,0,675,20170518,7
Treatment,C,13/08/2013,3,9,20170723,NA,52,0,49.3,0,4.18,0,2.91,0,8.47,0,187,0,7.1,0,0,0,0,0,0,0,0,0,1,81,20170723,0,0,0,20170910,1
Treatment,C,27/11/2014,1,9,20161225,NA,262,0,35,0,2.71,0,3.07,0,8.54,0,52,0,13.1,0,10919,348,333,935,11625,379,368,1033,1,81,20161225,0,0,61,20170224,1
Treatment,C,18/06/2010,5,9,20170608,NA,97,0,38.5,0,4.05,0,3.17,0,8.37,0,456,0,8.7,0,10227,407,313,852,10817,426,324,883,1,82,20170608,0,0,0,20170904,2
Treatment,C,25/11/2011,4,9,20170529,NA,107,0,34.5,0,4.47,0,3,0,8.64,0,2342,0,7.6,0,9356,365,293,815,9398,370,298,832,1,82,20170529,0,0,0,20170828,1
Treatment,C,16/01/2012,4,9,20170717,NA,58,0,43.2,0,3.6,0,2.84,0,8.23,0,2802,0,10.5,0,0,0,0,0,0,0,0,0,1,82,20170717,0,0,0,20171010,1
Treatment,C,11/03/2013,3,9,20170705,NA,70,0,22,0,4.09,0,2.86,0,8.11,0,196,0,6.2,0,0,0,0,0,0,0,0,0,1,82,20170705,0,0,0,NA,NA
Treatment,C,23/04/2014,2,9,20170812,NA,32,0,41.5,0,3.97,0,2.84,0,8.33,0,249,0,9.2,0,0,0,0,0,0,0,0,0,1,82,20170812,0,0,0,NA,NA
Treatment,C,21/04/2014,2,9,20170201,NA,224,0,35,0,3.68,0,3.44,0,8.87,0,52,0,10.2,0,10093,406,332,889,10418,428,354,955,1,87,20170201,0,0,179,20170730,2
Treatment,C,05/01/2015,1,9,20170129,NA,227,0,30.5,0,3.2,0,3.3,0,8.89,0,89,0,9.3,0,9442,339,280,800,10335,382,316,908,1,87,20170129,0,0,182,20170730,4
Treatment,C,06/08/2011,4,9,20170330,NA,167,0,37,0,4.01,0,3.31,0,8.55,0,108,0,11.8,0,11319,436,350,943,10864,426,346,932,1,81,20170330,0,0,0,20171008,2
Treatment,C,05/01/2013,3,9,20161129,20170920,288,0,24.5,0,4.21,0,3.85,0,9.26,0,188,0,10.9,0,11169,492,382,1025,11171,492,388,1044,NA,81,20161129,0,0,120,20170329,2
Treatment,C,28/05/2014,2,9,20170718,NA,57,0,45.6,0,2.87,0,2.63,0,8.08,0,61,0,11.6,0,0,0,0,0,0,0,0,0,1,81,20170718,0,0,0,20171001,1
Treatment,C,20/07/2014,2,9,20170603,NA,102,0,40.5,0,4.24,0,3.34,0,9.08,0,23,0,9.5,0,9478,376,322,858,10054,406,353,950,1,81,20170603,0,0,0,20170901,2
Treatment,C,26/11/2010,5,9,20170726,NA,49,0,49.5,0,4.32,0,3.09,0,8.88,0,159,0,8,0,0,0,0,0,0,0,0,0,1,82,20170726,0,0,0,NA,NA
Treatment,C,25/08/2006,5,9,20170213,NA,212,0,39,0,4.49,0,3.5,0,9.06,0,372,0,11.4,0,11762,529,398,1080,11806,530,408,1093,1,81,20170213,0,0,67,20170421,1
Treatment,C,11/10/2009,7,9,20170822,NA,22,0,42,0,4.26,0,3.12,0,8.62,0,184,0,8.3,0,0,0,0,0,0,0,0,0,1,81,20170822,0,0,0,NA,NA
Treatment,C,17/03/2013,3,9,20170606,NA,99,0,43,0,4.66,0,3.33,0,8.78,0,31,0,11.9,0,9534,399,322,829,9801,415,338,876,1,81,20170606,0,0,0,20171011,3
Treatment,C,24/07/2013,3,9,20170810,NA,34,0,44,0,3.69,0,2.79,0,8.27,0,14,0,11,0,0,0,0,0,0,0,0,0,1,81,20170810,0,0,0,20171007,1
Treatment,C,18/04/2013,3,9,20170225,NA,200,0,37.5,0,5.18,0,3.67,0,9.03,0,59,0,10.7,0,10513,436,359,935,10352,436,368,962,NA,82,20170225,0,0,83,20170519,2
Treatment,C,15/08/2014,2,9,20170810,NA,34,0,34.5,0,4.3,0,3.32,0,8.91,0,251,0,10.2,0,0,0,0,0,0,0,0,0,1,82,20170810,0,0,0,20170920,1
Treatment,C,04/01/2013,3,9,20170119,NA,237,0,25.5,0,4.11,0,3.71,0,9.22,0,87,0,8.7,0,8574,379,304,800,8451,376,309,817,NA,21,20170119,0,0,0,20170824,5
Treatment,C,07/12/2010,4,9,20161201,NA,286,0,29.5,0,4.42,0,3.39,0,8.71,0,85,0,10.2,0,11646,555,364,1015,11265,537,349,965,1,81,20161201,0,0,255,20170813,5
Treatment,C,24/09/2011,3,9,20170502,NA,134,0,48,0,3.2,0,3.05,0,8.61,0,19,0,10.8,0,11251,468,368,982,11307,474,374,1001,NA,81,20170502,0,0,0,20170817,2
Treatment,C,30/08/2013,3,9,20170807,NA,37,0,49,0,3.86,0,2.82,0,8.38,0,113,0,10.4,0,0,0,0,0,0,0,0,0,1,81,20170807,0,0,0,20171008,1
Treatment,C,04/01/2014,2,9,20161228,NA,259,0,31,0,4.36,0,3.43,0,8.89,0,88,0,10.8,0,9629,393,314,860,9724,401,326,894,1,82,20161228,0,0,104,20170411,3
Treatment,C,08/04/2015,1,9,20170426,NA,140,0,36.7,0,2.56,0,3.4,0,8.87,0,85,0,8.5,0,9806,323,314,853,10753,367,351,963,NA,82,20170426,0,0,0,20170920,3
Treatment,C,01/03/2015,1,9,20170515,NA,121,0,36.5,0,2.8,0,2.89,0,8.14,0,39,0,10.4,0,9479,350,296,801,10449,397,334,915,NA,82,20170515,0,0,63,20170717,1
Treatment,C,16/11/2012,3,9,20170521,NA,115,0,32,0,3.99,0,2.72,0,8.15,0,19,0,10.1,0,7469,266,230,642,7516,272,236,664,NA,81,20170521,0,0,0,20170823,1
Treatment,C,29/11/2014,1,9,20161120,NA,297,0,33,0,4.4,0,3.41,0,8.88,0,80,0,7.9,0,10510,471,339,929,11311,517,376,1028,1,81,20161120,0,0,0,20171010,5
Treatment,C,01/01/2015,1,9,20161212,NA,275,0,31,0,4.56,0,3.68,0,9.27,0,311,0,11.9,0,9175,400,293,813,9892,442,329,910,1,81,20161212,0,0,0,20170917,6
Treatment,C,26/07/2015,1,9,20170819,NA,25,0,30.3,0,4.27,0,3.09,0,9.03,0,100,0,5,0,0,0,0,0,0,0,0,0,NA,81,20170819,0,0,0,20171012,1
Treatment,C,02/09/2011,5,9,20170731,NA,44,0,39,0,4.48,0,2.91,0,8.64,0,68,0,10.6,0,0,0,0,0,0,0,0,0,1,82,20170731,0,0,0,20171004,1
Treatment,C,06/08/2013,3,9,20170720,NA,55,0,38.5,0,3.31,0,2.96,0,8.73,0,26,0,9.2,0,0,0,0,0,0,0,0,0,1,82,20170720,0,0,0,20170902,1
Treatment,C,09/05/2015,1,9,20170417,NA,149,0,30.7,0,4.04,0,3.31,0,9.02,0,169,0,9,0,8091,340,251,716,9021,392,285,818,NA,82,20170417,0,0,86,20170712,2
Treatment,C,12/09/2012,3,9,20161021,20170920,327,0,25,0,4.03,0,3.44,0,8.94,0,130,0,12.6,0,12473,527,363,1072,12782,537,372,1104,1,81,20161021,0,0,114,20170212,2
Treatment,C,06/08/2014,1,9,20160906,NA,372,0,30.2,0,4.35,0,3.51,0,9.15,0,328,0,9.1,0,9334,378,297,825,10558,431,342,957,1,81,20160906,0,0,172,20170225,5
Treatment,C,25/04/2015,1,9,20170521,NA,115,0,48.5,0,2.87,0,2.65,0,8.04,0,92,0,11,0,11930,405,326,979,13239,462,370,1125,NA,81,20170521,0,0,0,20170827,1
Treatment,C,01/12/2010,4,9,20160806,NA,403,0,30,0,4.09,0,3.54,0,9.16,0,129,0,12,0,13125,691,401,1144,14066,734,420,1210,1,82,20160806,0,0,287,20170520,6
Treatment,C,11/02/2015,1,9,20170507,NA,129,0,40.5,0,2.44,0,2.81,0,8.23,0,24,0,10.5,0,9908,264,299,839,10853,297,335,952,NA,81,20170507,0,0,0,20170903,1
Treatment,C,24/07/2015,1,9,20170610,NA,95,0,30.6,0,4.34,0,3.35,0,8.89,0,112,0,11.8,0,7260,312,228,635,8144,357,258,729,NA,81,20170610,0,0,0,20171011,2
Treatment,C,13/08/2015,1,9,20170817,NA,27,0,20,0,3.96,0,2.81,0,8.34,0,62,0,5,0,0,0,0,0,0,0,0,0,NA,81,20170817,0,0,0,20171001,1
Treatment,C,01/11/2014,1,9,20161015,NA,333,0,39,0,3.96,0,3.15,0,8.49,0,108,0,9,0,11970,473,341,985,13141,525,383,1110,1,82,20161015,0,0,228,20170531,6
Treatment,C,27/05/2015,1,9,20170617,NA,88,0,29.4,0,4.63,0,3.27,0,8.93,0,58,0,9.9,0,6707,315,208,578,7427,356,234,659,NA,82,20170617,0,0,0,20171001,3
Treatment,C,23/11/2011,2,8,20170203,NA,189,0,30.5,0,4.1,0,3.4,0,8.7,0,116,0,11.6,0,8910,348,302,792,8599,340,299,784,1,81,20170203,0,0,110,20170524,2
Treatment,C,10/09/2014,1,8,20160905,20171011,340,0,22.5,0,4.59,0,3.6,0,9.34,0,94,0,12,0,9259,439,297,834,10535,503,344,974,1,81,20160905,0,0,173,20170225,1
Treatment,C,06/04/2015,1,8,20170314,NA,150,0,32.7,0,3.62,0,3.05,0,8.61,0,129,0,9.5,0,9297,353,291,812,10222,400,328,926,NA,81,20170314,0,0,71,20170524,2
Treatment,C,06/04/2015,1,8,20170625,NA,47,0,33.8,0,4.22,0,2.9,0,8.73,0,215,0,7.9,0,0,0,0,0,0,0,0,0,NA,81,20170625,0,0,39,20170803,1
Treatment,C,15/08/2006,8,8,20170610,NA,62,0,36.5,0,3.49,0,2.88,0,8.14,0,133,0,8.3,0,0,0,0,0,0,0,0,0,1,82,20170610,0,0,0,20170919,2
Treatment,C,01/03/2013,2,8,20161112,NA,272,0,37.5,0,4.4,0,3.55,0,8.86,0,152,0,9.5,0,12544,568,417,1131,12617,573,427,1162,NA,82,20161112,0,0,0,20171010,7
Treatment,C,07/11/2009,5,8,20161114,20170920,270,0,31.7,0,4.01,0,3.16,0,8.8,0,283,0,11.4,0,11276,473,364,1029,11218,463,356,1000,1,81,20161114,0,0,94,20170216,3
Treatment,C,11/04/2006,6,8,20161015,NA,300,0,27.5,0,4.05,0,3.15,0,8.64,0,423,0,13.2,0,9817,348,299,854,10450,359,313,900,1,81,20161015,0,0,224,20170527,6
Treatment,C,02/06/2010,5,8,20170720,NA,22,0,28,0,3.02,0,3.11,0,8.45,0,120,0,5.9,0,0,0,0,0,0,0,0,0,1,81,20170720,0,0,0,20171004,1
Treatment,C,04/10/2011,3,8,20170224,NA,168,0,43.5,0,3.52,0,2.89,0,8.14,0,501,0,12.1,0,12695,442,372,1072,12247,431,366,1055,1,81,20170224,0,0,0,20171001,3
Treatment,C,08/09/2013,1,8,20150713,NA,760,0,34.7,0,4.15,0,3.39,0,8.66,0,34,0,12.8,0,9942,380,316,863,11318,439,366,1017,1,81,20150713,0,0,675,20170518,7
Treatment,C,13/08/2013,3,8,20170723,NA,19,0,41,0,3.68,0,3.03,0,8.47,0,102,0,8.4,0,0,0,0,0,0,0,0,0,1,81,20170723,0,0,0,20170910,1
Treatment,C,27/11/2014,1,8,20161225,NA,229,0,35.5,0,2.94,0,3,0,8.41,0,84,0,12.5,0,10608,343,326,911,11294,373,361,1007,1,81,20161225,0,0,61,20170224,1
Treatment,C,18/06/2010,5,8,20170608,NA,64,0,38.8,0,4.64,0,2.96,0,8.26,0,351,0,11.4,0,0,0,0,0,0,0,0,0,1,82,20170608,0,0,0,20170904,2
Treatment,C,25/11/2011,4,8,20170529,NA,74,0,39.2,0,4.17,0,3.07,0,8.66,0,11,0,8.5,0,0,0,0,0,0,0,0,0,1,82,20170529,0,0,0,20170828,1
Treatment,C,16/01/2012,4,8,20170717,NA,25,0,39.8,0,3.34,0,2.85,0,8.28,0,28,0,4.6,0,0,0,0,0,0,0,0,0,1,82,20170717,0,0,0,20171010,1
Treatment,C,11/03/2013,3,8,20170705,NA,37,0,42.7,0,4.43,0,2.85,0,8.54,0,131,0,5.9,0,0,0,0,0,0,0,0,0,1,82,20170705,0,0,0,NA,NA
Treatment,C,21/04/2014,2,8,20170201,NA,191,0,37.5,0,4.19,0,3.32,0,8.66,0,35,0,9.3,0,9815,395,322,847,10131,416,343,910,1,87,20170201,0,0,179,20170730,2
Treatment,C,05/01/2015,1,8,20170129,NA,194,0,30.5,0,3.87,0,3.13,0,8.48,0,76,0,12.2,0,9226,331,271,779,10099,373,306,884,1,87,20170129,0,0,182,20170730,4
Treatment,C,06/08/2011,4,8,20170330,NA,134,0,47.5,0,4.2,0,2.88,0,8.12,0,452,0,11.3,0,10810,408,333,899,10375,399,329,889,1,81,20170330,0,0,0,20171008,2
Treatment,C,05/01/2013,3,8,20161129,20170920,255,0,28.7,0,4.43,0,3.68,0,9.08,0,162,0,13.9,0,11257,497,382,1034,11259,497,388,1053,NA,81,20161129,0,0,120,20170329,2
Treatment,C,28/05/2014,2,8,20170718,NA,24,0,48.5,0,3.25,0,2.76,0,8.3,0,50,0,7.8,0,0,0,0,0,0,0,0,0,1,81,20170718,0,0,0,20171001,1
Treatment,C,20/07/2014,2,8,20170603,NA,69,0,38.3,0,4.05,0,2.99,0,8.72,0,21,0,9.6,0,0,0,0,0,0,0,0,0,1,81,20170603,0,0,0,20170901,2
Treatment,C,14/09/2014,1,8,20161015,20170825,300,0,29,0,4.35,0,3.42,0,8.85,0,169,0,13.2,0,9405,396,319,855,10241,435,355,955,1,81,20161015,0,0,96,20170119,3
Treatment,C,26/11/2010,5,8,20170726,NA,16,0,40.5,0,5.08,0,3.17,0,8.8,0,274,0,6.8,0,0,0,0,0,0,0,0,0,1,82,20170726,0,0,0,NA,NA
Treatment,C,04/02/2015,1,8,20170127,NA,196,0,28.7,0,4.74,0,3.7,0,9.29,0,119,0,10,0,7952,349,285,737,8770,397,324,842,NA,87,20170127,0,0,80,20170417,1
Treatment,C,25/08/2006,5,8,20170213,NA,179,0,39.8,0,4.43,0,3.52,0,8.97,0,295,0,12.4,0,11376,510,381,1022,11418,511,391,1035,1,81,20170213,0,0,67,20170421,1
Treatment,C,17/03/2013,3,8,20170606,NA,66,0,38,0,3.91,0,3.05,0,8.43,0,31,0,13.3,0,0,0,0,0,0,0,0,0,1,81,20170606,0,0,0,20171011,3
Treatment,C,28/10/2012,3,8,20170107,NA,216,0,36,0,4.58,0,3.26,0,8.57,0,46,0,9.6,0,12285,540,393,1081,12056,533,397,1097,NA,82,20170107,0,0,0,20170721,5
Treatment,C,18/04/2013,3,8,20170225,NA,167,0,38,0,4.57,0,3.4,0,8.79,0,104,0,14,0,10339,418,340,918,10181,418,348,944,NA,82,20170225,0,0,83,20170519,2
Treatment,C,04/01/2013,3,8,20170119,NA,204,0,27,0,4.37,0,3.64,0,9.2,0,63,0,11.5,0,8356,370,295,781,8236,367,300,798,NA,21,20170119,0,0,0,20170824,5
Treatment,C,07/12/2010,4,8,20161201,NA,253,0,32.5,0,4.99,0,3.3,0,8.64,0,91,0,13.8,0,11418,546,357,997,11045,528,342,948,1,81,20161201,0,0,255,20170813,5
Treatment,C,24/09/2011,3,8,20170502,NA,101,0,49.5,0,3.37,0,2.86,0,8.36,0,27,0,11.7,0,10789,475,359,949,10843,481,365,968,NA,81,20170502,0,0,0,20170817,2
Treatment,C,04/01/2014,2,8,20161228,NA,226,0,27,0,4.23,0,3.21,0,8.66,0,36,0,12.9,0,9511,386,311,852,9605,394,323,885,1,82,20161228,0,0,104,20170411,3
Treatment,C,08/04/2015,1,8,20170426,NA,107,0,41.5,0,2.89,0,2.89,0,8.39,0,98,0,10.7,0,9627,330,307,836,10557,374,344,943,NA,82,20170426,0,0,0,20170920,3
Treatment,C,01/03/2015,1,8,20170515,NA,88,0,36.5,0,3.09,0,2.73,0,7.87,0,27,0,12.6,0,8963,352,285,769,9880,399,321,878,NA,82,20170515,0,0,63,20170717,1
Treatment,C,16/11/2012,3,8,20170521,NA,82,0,33.4,0,2.5,0,2.8,0,8.44,0,12,0,8.5,0,7090,257,224,614,7135,262,230,635,NA,81,20170521,0,0,0,20170823,1
Treatment,C,29/11/2014,1,8,20161120,NA,264,0,34.8,0,4.08,0,3.27,0,8.7,0,51,0,10.8,0,10210,462,329,904,10988,507,365,1000,1,81,20161120,0,0,0,20171010,5
Treatment,C,01/01/2015,1,8,20161212,NA,242,0,29.3,0,4.47,0,3.43,0,9.02,0,297,0,14.9,0,9010,392,286,797,9714,433,321,892,1,81,20161212,0,0,0,20170917,6
Treatment,C,02/09/2011,5,8,20170731,NA,11,0,32.2,0,4.66,0,2.99,0,8.57,0,464,0,5.3,0,0,0,0,0,0,0,0,0,1,82,20170731,0,0,0,20171004,1
Treatment,C,06/08/2013,3,8,20170720,NA,22,0,35,0,4.93,0,2.84,0,8.5,0,95,0,7,0,0,0,0,0,0,0,0,0,1,82,20170720,0,0,0,20170902,1
Treatment,C,09/05/2015,1,8,20170417,NA,116,0,29.5,0,4.71,0,3,0,8.75,0,186,0,11.3,0,8111,332,250,715,9044,383,284,817,NA,82,20170417,0,0,86,20170712,2
Treatment,C,27/04/2014,1,8,20160610,20170815,427,0,23,0,4.09,0,3.37,0,8.93,0,117,0,9.4,0,11430,468,343,988,12658,529,386,1127,1,86,20160610,0,0,208,20170104,4
Treatment,C,12/09/2012,3,8,20161021,20170920,294,0,32.2,0,4.47,0,3.17,0,8.62,0,126,0,14.3,0,12420,524,361,1067,12728,534,370,1099,1,81,20161021,0,0,114,20170212,2
Treatment,C,06/08/2014,1,8,20160906,NA,339,0,29.7,0,4.22,0,3.35,0,8.89,0,297,0,10.2,0,9334,378,297,825,10558,431,342,957,1,81,20160906,0,0,172,20170225,5
Treatment,C,25/04/2015,1,8,20170521,NA,82,0,46,0,2.9,0,2.55,0,7.93,0,66,0,11.4,0,11648,410,316,958,12926,468,359,1101,NA,81,20170521,0,0,0,20170827,1
Treatment,C,01/12/2010,4,8,20160806,NA,370,0,32,0,4.21,0,3.39,0,8.89,0,162,0,12.5,0,13125,691,401,1144,14066,734,420,1210,1,82,20160806,0,0,287,20170520,6
Treatment,C,01/12/2012,2,8,20160205,20170815,553,0,18,0,3.99,0,3.45,0,8.93,0,125,0,11.3,0,10542,447,325,910,10642,459,341,960,NA,82,20160205,0,0,481,20170531,5
Treatment,C,11/02/2015,1,8,20170507,NA,96,0,32.5,0,3.21,0,2.63,0,7.92,0,29,0,12.3,0,9961,277,306,853,10911,312,343,968,NA,81,20170507,0,0,0,20170903,1
Treatment,C,24/07/2015,1,8,20170610,NA,62,0,32.5,0,4.33,0,2.8,0,8.51,0,119,0,11.6,0,0,0,0,0,0,0,0,0,NA,81,20170610,0,0,0,20171011,2
Treatment,C,01/11/2014,1,8,20161015,NA,300,0,37.5,0,4.36,0,3.07,0,8.26,0,49,0,11.2,0,11939,471,340,983,13107,523,382,1108,1,82,20161015,0,0,228,20170531,6
Treatment,C,27/05/2015,1,8,20170617,NA,55,0,28.5,0,4.55,0,2.73,0,8.42,0,61,0,10.2,0,0,0,0,0,0,0,0,0,NA,82,20170617,0,0,0,20171001,3
Control,C,16/11/2009,6,7,20161028,20170811,256,0,27.5,0,4.38,0,3.51,0,8.92,0,262,0,12.6,0,12076,611,404,1097,12362,617,405,1095,1,81,20161028,0,0,48,20161215,1
Control,C,23/11/2011,2,7,20170203,NA,158,0,28.7,0,3.77,0,3.41,0,8.71,0,115,0,13.2,0,8785,341,297,782,8478,333,294,774,1,81,20170203,0,0,110,20170524,2
Control,C,10/09/2014,1,7,20160905,20171011,309,0,24.5,0,3.56,0,3.29,0,8.73,0,59,0,12.4,0,9259,439,297,834,10535,503,344,974,1,81,20160905,0,0,173,20170225,1
Control,C,06/04/2015,1,7,20170314,NA,119,0,35.7,0,2.79,0,2.95,0,8.38,0,108,0,9,0,9033,353,284,792,9932,400,320,903,NA,81,20170314,0,0,71,20170524,2
Control,C,06/04/2015,1,7,20170625,NA,16,0,25.3,0,4.08,0,2.97,0,8.54,0,164,0,7.3,0,0,0,0,0,0,0,0,0,NA,81,20170625,0,0,39,20170803,1
Control,C,15/08/2006,8,7,20170610,NA,31,0,36.1,0,2.98,0,2.74,0,7.89,0,51,0,9.1,0,0,0,0,0,0,0,0,0,1,82,20170610,0,0,0,20170919,2
Control,C,01/03/2013,2,7,20161112,NA,241,0,33.7,0,4.18,0,3.49,0,8.8,0,76,0,13.9,0,12370,563,409,1118,12442,568,419,1149,NA,82,20161112,0,0,0,20171010,7
Control,C,04/08/2012,2,7,20160107,20170720,551,0,20.5,0,3.75,0,3.36,0,8.76,0,106,0,14.2,0,10501,414,331,906,10562,422,345,950,NA,84,20160107,0,0,368,20170109,7
Control,C,07/11/2009,5,7,20161114,20170920,239,0,34,0,4.31,0,3.55,0,9,0,156,0,12.4,0,11088,466,357,1015,11031,456,349,987,1,81,20161114,0,0,94,20170216,3
Control,C,02/11/2008,6,7,20161109,20170720,244,0,19,0,4.6,0,3.47,0,8.76,0,284,0,13.6,0,9800,460,328,883,9891,456,326,872,1,81,20161109,0,0,0,NA,NA
Control,C,11/04/2006,6,7,20161015,NA,269,0,27,0,4.19,0,3.25,0,8.65,0,193,0,16.6,0,9645,336,293,853,10267,347,307,899,1,81,20161015,0,0,224,20170527,6
Control,C,04/10/2011,3,7,20170224,NA,137,0,43,0,1.83,0,2.91,0,8.24,0,126,0,12.4,0,13007,469,392,1102,12548,458,386,1085,1,81,20170224,0,0,0,20171001,3
Control,C,08/09/2013,1,7,20150713,NA,729,0,34.5,0,3.64,0,3.33,0,8.66,0,40,0,15.6,0,9942,380,316,863,11318,439,366,1017,1,81,20150713,0,0,675,20170518,7
Control,C,18/07/2014,2,7,20170625,NA,16,0,37.5,0,3.41,0,3.16,0,8.66,0,197,0,9.1,0,0,0,0,0,0,0,0,0,1,81,20170625,0,0,0,NA,NA
Control,C,27/11/2014,1,7,20161225,NA,198,0,33.5,0,3.17,0,3.31,0,8.76,0,110,0,15.5,0,10443,339,319,896,11119,369,353,990,1,81,20161225,0,0,61,20170224,1
Control,C,18/06/2010,5,7,20170608,NA,33,0,43.5,0,3.45,0,2.84,0,8.16,0,148,0,10.9,0,0,0,0,0,0,0,0,0,1,82,20170608,0,0,0,20170904,2
Control,C,25/11/2011,4,7,20170529,NA,43,0,39,0,3.58,0,2.95,0,8.6,0,10,0,14.4,0,0,0,0,0,0,0,0,0,1,82,20170529,0,0,0,20170828,1
Control,C,11/03/2013,3,7,20170705,NA,6,0,29.3,0,4.85,0,3.42,0,8.64,0,104,0,9.2,0,0,0,0,0,0,0,0,0,1,82,20170705,0,0,0,NA,NA
Control,C,21/04/2014,2,7,20170201,NA,160,0,35.5,0,3.19,0,3.26,0,8.69,0,14,0,8.9,0,9481,385,310,817,9786,406,331,878,1,87,20170201,0,0,179,20170730,2
Control,C,05/01/2015,1,7,20170129,NA,163,0,30,0,2.79,0,2.89,0,8.17,0,31,0,11.3,0,9149,330,267,774,10014,372,302,879,1,87,20170129,0,0,182,20170730,4
Control,C,06/08/2011,4,7,20170330,NA,103,0,41.5,0,3.39,0,3,0,8.27,0,197,0,13.3,0,10332,382,318,860,9917,373,314,850,1,81,20170330,0,0,0,20171008,2
Control,C,05/01/2013,3,7,20161129,20170920,224,0,30.2,0,4.92,0,3.72,0,9.01,0,143,0,9.6,0,11249,492,379,1036,11251,492,385,1055,NA,81,20161129,0,0,120,20170329,2
Control,C,20/07/2014,2,7,20170603,NA,38,0,36.3,0,3.64,0,3.38,0,8.93,0,15,0,10.3,0,0,0,0,0,0,0,0,0,1,81,20170603,0,0,0,20170901,2
Control,C,14/09/2014,1,7,20161015,20170825,269,0,31.3,0,4.6,0,3.82,0,9.29,0,62,0,15.3,0,9202,385,311,837,10020,423,346,935,1,81,20161015,0,0,96,20170119,3
Control,C,04/02/2015,1,7,20170127,NA,165,0,28.5,0,3.8,0,3.46,0,8.92,0,49,0,11.1,0,7754,340,277,720,8552,387,315,822,NA,87,20170127,0,0,80,20170417,1
Control,C,25/08/2006,5,7,20170213,NA,148,0,36.5,0,3.87,0,3.38,0,8.93,0,119,0,12.8,0,11245,508,373,1009,11287,509,383,1021,1,81,20170213,0,0,67,20170421,1
Control,C,17/03/2013,3,7,20170606,NA,35,0,38.4,0,4.04,0,3.25,0,8.52,0,48,0,15,0,0,0,0,0,0,0,0,0,1,81,20170606,0,0,0,20171011,3
Control,C,13/08/2015,1,7,20170705,NA,6,0,30.3,0,4.57,0,3.26,0,8.27,0,298,0,11.3,0,0,0,0,0,0,0,0,0,NA,81,20170705,0,0,0,NA,NA
Control,C,28/10/2012,3,7,20170107,NA,185,0,39.5,0,3.63,0,3.29,0,8.64,0,72,0,14.1,0,12138,537,387,1050,11912,531,391,1065,NA,82,20170107,0,0,0,20170721,5
Control,C,18/04/2013,3,7,20170225,NA,136,0,37,0,4.34,0,3.35,0,8.65,0,62,0,15.9,0,10136,397,342,902,9981,397,350,928,NA,82,20170225,0,0,83,20170519,2
Control,C,07/12/2010,4,7,20161201,NA,222,0,31.5,0,4.19,0,3.37,0,8.59,0,170,0,14.9,0,11467,551,357,1005,11092,533,342,955,1,81,20161201,0,0,255,20170813,5
Control,C,24/09/2011,3,7,20170502,NA,70,0,43.7,0,4.13,0,3.16,0,8.73,0,112,0,15.6,0,0,0,0,0,0,0,0,0,NA,81,20170502,0,0,0,20170817,2
Control,C,18/12/2009,4,7,20160718,20170801,358,0,22,0,4.5,0,3.61,0,9,0,83,0,14.4,0,13831,641,422,1321,14629,674,442,1391,1,82,20160718,0,0,155,20161220,2
Control,C,13/10/2010,4,7,20160223,20170720,504,0,19.5,0,4.01,0,3.24,0,8.63,0,271,0,9.1,0,14053,534,428,1205,13557,521,422,1188,1,82,20160223,0,0,351,20170208,7
Control,C,04/01/2014,2,7,20161228,NA,195,0,32.5,0,3.69,0,3.3,0,8.57,0,24,0,13.3,0,9349,380,306,827,9442,388,318,859,1,82,20161228,0,0,104,20170411,3
Control,C,08/04/2015,1,7,20170426,NA,76,0,35.8,0,2.39,0,3.04,0,8.53,0,104,0,10,0,8966,330,290,782,9832,374,325,882,NA,82,20170426,0,0,0,20170920,3
Control,C,01/03/2015,1,7,20170515,NA,57,0,37,0,4.07,0,3.07,0,8.55,0,144,0,6.5,0,0,0,0,0,0,0,0,0,NA,82,20170515,0,0,63,20170717,1
Control,C,16/11/2012,3,7,20170521,NA,51,0,29.5,0,3.92,0,3.13,0,8.59,0,42,0,10.7,0,0,0,0,0,0,0,0,0,NA,81,20170521,0,0,0,20170823,1
Control,C,29/11/2014,1,7,20161120,NA,233,0,32.5,0,4.11,0,3.59,0,9.01,0,51,0,12.8,0,10014,458,320,888,10777,502,355,982,1,81,20161120,0,0,0,20171010,5
Control,C,01/01/2015,1,7,20161212,NA,211,0,27.2,0,3.14,0,3.08,0,8.55,0,107,0,14,0,8890,392,281,787,9584,433,315,881,1,81,20161212,0,0,0,20170917,6
Control,C,01/01/2012,2,7,20160223,NA,504,0,21.5,0,3.68,0,3.08,0,8.26,0,243,0,9,0,13966,473,405,1165,13638,468,411,1185,1,82,20160223,0,0,468,20170605,13
Control,C,09/05/2015,1,7,20170417,NA,85,0,29.3,0,3.65,0,3.03,0,8.65,0,122,0,11.2,0,7946,316,243,699,8860,364,276,799,NA,82,20170417,0,0,86,20170712,2
Control,C,10/09/2014,1,7,20160928,20170801,286,0,20.3,0,4.63,0,3.77,0,9.09,0,49,0,12.6,0,8618,436,320,804,9748,497,369,933,1,87,20160928,0,0,78,20161215,1
Control,C,12/09/2012,3,7,20161021,20170920,263,0,32,0,3.58,0,2.91,0,8.43,0,41,0,11.3,0,12303,521,357,1073,12608,531,366,1105,1,81,20161021,0,0,114,20170212,2
Control,C,06/08/2014,1,7,20160906,NA,308,0,28.5,0,3.86,0,3.44,0,9.04,0,126,0,11.1,0,9334,378,297,825,10558,431,342,957,1,81,20160906,0,0,172,20170225,5
Control,C,25/04/2015,1,7,20170521,NA,51,0,46,0,3.72,0,2.57,0,8.08,0,83,0,9.5,0,0,0,0,0,0,0,0,0,NA,81,20170521,0,0,0,20170827,1
Control,C,01/12/2012,2,7,20160205,20170815,522,0,19.5,0,3.85,0,3.59,0,8.99,0,126,0,13.8,0,10542,447,325,910,10642,459,341,960,NA,82,20160205,0,0,481,20170531,5
Control,C,11/02/2015,1,7,20170507,NA,65,0,40,0,2.68,0,2.98,0,8.49,0,170,0,8.3,0,0,0,0,0,0,0,0,0,NA,81,20170507,0,0,0,20170903,1
Control,C,24/07/2015,1,7,20170610,NA,31,0,21.7,0,4.15,0,2.92,0,8.38,0,83,0,12.1,0,0,0,0,0,0,0,0,0,NA,81,20170610,0,0,0,20171011,2
Control,C,01/11/2014,1,7,20161015,NA,269,0,35.2,0,3.06,0,3.07,0,8.38,0,49,0,13.7,0,11748,467,332,966,12897,519,373,1089,1,82,20161015,0,0,228,20170531,6
Control,C,27/05/2015,1,7,20170617,NA,24,0,21.7,0,4.8,0,2.96,0,8.13,0,300,0,5.4,0,0,0,0,0,0,0,0,0,NA,82,20170617,0,0,0,20171001,3